Level,Source,Version,Corpus
Cemetery Hill,Book,Final,"Some obstructions can be smashed down with clubs and certain other weapons, try experimenting."
Cemetery Hill,Book,Final,"The club is a crude, but effective weapon. Bash with it! Burn with it! But beware, one bash too many and it will break."
Cemetery Hill,Book,Early,"The club is your basic lump-of-wood weapon. Eventually, it will fall apart with use, if it doesn't catch fire and burn up first"
Cemetery Hill,Book,Early,"The club is your basic lump-of-wood weapon, it will eventually fall apart during use and it's flammable - so don't get too attached to it."
Cemetery Hill,Book,Final,Of great archaeological Interest. Destroy the boulder and plunder the valuable treasures within.
Cemetery Hill,Book,Final,"A GUIDE TO COVENS - for Witches and Witchcraft enthusiasts

A Witches Coven would reach the height of its power only when all of their Sacred Flames were alight.
Witches have been known to offer help to the questing adventurer, yet they are a reclusive people and have to be summoned by the aid of mystic Charms or Talismans.
Let it be known that help from a Witch is rarely given freely, and the Witch will more often than not make a request of the adventurer before any such help is given.
If seeking to summon a Witch, remember that they are quite territorial. Any signs of previous Witch activity in an area is good indication that a Witch can be called upon."
Cemetery Hill,Book,Final,The adventurer would be wise to be thorough in the exploration of an area. Hidden locations reap great rewards.
Cemetery Hill,Zarok,Final,"So, even from the shackles of death my old enemy pursues me! You're too late, Fortesque – already my army has risen from the grave! You will never leave this necropolis… Ha, ha, ha!"
Cemetery Hill,Gargoyle,Final,Cough! Splutter! Aaah – fresh air! We hates these dark old caves and their filthy stench of old witches. A coven of the warty old hags lived here once – unholy fires burning all night while they brewed up unspeakable muck in their cauldrons. They moved on years back but the smell still makes our eyes sting.
Cemetery Hill,Stone Statues,Final,We have failed the Master! We give our lives!
Dan's Crypt,Book,Early,You must be out of shape after 500 years lying on your back. Use the crypt to get the grips with your new lease of life.
Dan's Crypt,Book,Final,You must be out of shape after 100 years lying on your back. Use the crypt to get the grips with your new lease of life.
Dan's Crypt,Book,Final,"During your travels through the world of Gallowmere you will collect many items. To look at your inventory, press the SELECT button on the Controller."
Dan's Crypt,Book,Final,"To do a power attack, press and hold the Square button button on the Controller for a second or two and then release it."
Dan's Crypt,Book,Final,"Feel free to have a paddle in the shallow water, but don't be tempted to go for a swim, buoyancy can be a problem for those of a dead disposition."
Dan's Crypt,Book,Final,"Any Treasure that you find will go into your coin score, displayed in the top right of your display. Coins are used to buy items from the greedy Merchant gargoyles."
Dan's Crypt,Book,Final,When you're ready to leave this crypt you'll find an exit at the end of the hall. To unlock the gates you must find a Rune Stone and place it in the ornate hand set next to the doorway.
Dan's Crypt,Book,Final,Track down Zarok by retracing his diabolical odyssey through Gallowmere. You can spot the exits from an area by looking out for his stinking trail of magic slime.
Dan's Crypt,Book,Unused,To read a book stand in front of it and press X button. To scroll through any text press DOWN and press X button to exit the text.
Dan's Crypt,Book,Unused,"You can knock down certain weak sections of wall using a shoulder barge: double press forward to break into a run and then press the button Square button. There is a weak wall nearby, can you find it?"
Dan's Crypt,Gargoyle,Final,It has risen again - Sir Daniel Fortesque. See? The hero of Gallowmere who fell at the first charge! The fog of war and the shrouds of time conspired to turn the arrow fodder into the savior of the day. But we know better…
Dan's Crypt,Sir Daniel Fortesque,Final,(mumble) I'll show you!
Dan's Crypt,Gargoyle,Final,"Let it alone! Fate has given it a second chance, and a chance to forget the ignoble truth, a chance to defeat Zarok and live up to the legend. We hopes it does well."
Hall of Heroes,Book,Final,To pay homage to the Heroes; stand in front of their designated statues and await spiritual guidance.
Hall of Heroes,Book,Final,"Only when you are truly worthy as a hero will you be able to ascend to the higher level of this Hall.
When you have paid homage to all of the Heroes in the lower Hall the ghostly stairs will then become solid."
Hall of Heroes,Bloodmonath Skull Cleaver,Final,Eh Mr.. Fortisskay - I wanna talk with you...
Hall of Heroes,Bloodmonath Skull Cleaver,Final,"If this Zorak so bad, why you get to go back? Why you of all people, Fortisskay?"
Hall of Heroes,Bloodmonath Skull Cleaver,Final,"It should be I, Bloodmonath Skull Cleaver - when I lived, always I had a pile of slain strewn around me. You, you spend most of your time organising the changing of the guard and playing croquet with the king."
Hall of Heroes,Bloodmonath Skull Cleaver,Final,"Still, I lend you my axe - you swing her, you throw her, she thirsts for slaughter as much as I."
Hall of Heroes,Bloodmonath Skull Cleaver,Final,Drink deep of demon blood my proud beauty...
Hall of Heroes,Bloodmonath Skull Cleaver,Final,"Ten thousand curses, Fortisskay, I bet money you be back pushing up daisies by now! Hey, I have something here for you. You like it very much. You want?"
Hall of Heroes,Canny Tim,Final,"Captain Fortesque! It's me, Canny Tim. Does the battle go well?"
Hall of Heroes,Canny Tim,Final,"How I wish I could fight at your side again, sir. But hold, you could take my crossbow, it's got rapid fire and you can ricochet the darts off walls to shoot around corners. I used it at the Battle of Gallowmere: after you were slain I shot Zarok's champion Lord Kardok - a clean kill, through the eye at some 1000 yards..."
Hall of Heroes,Canny Tim,Final,"Not that there's anything clever about shooting someone in the eye, sir."
Hall of Heroes,Canny Tim,Final,"Duh! G-goodbye, sir."
Hall of Heroes,Canny Tim,Final,"Hurrah, I knew it would take more than an army of the evil dead to throw your stride, sir. I have something that may help you on your quest, captain, I give it to you freely, though I have no idea what it is."
Hall of Heroes,Dirk Steadfast,Final,"Aalreet Dan man, how ya doing?"
Hall of Heroes,Dirk Steadfast,Final,"Now then, have ya got yourself a magic sword?"
Hall of Heroes,Dirk Steadfast,Final,"What? Daniel, man, y'cannat go into battle against an army of undead without a magic sword... Here take mine, you'll never have to sharpen another blade or my name's not Dirk Steadfast. It's not enough just to have a magic shield, you know, no matter what that soft, thickie Sturnguard says."
Hall of Heroes,Dirk Steadfast,Final,Good lad. Why I'd sooner go into battle holding a tea tray than carry that weedy girl's shield of his!
Hall of Heroes,Dirk Steadfast,Final,"Eh Dan man, how's that sword bearing up? I told you it was magic, reet? I 've got something here I can give you but I've no idea what it is. D'ya fancy your chances, like?"
Hall of Heroes,Imanzi Shongama,Final,"Dan, Dan, Dan. Tell me, what's a warrior queen got to do to meet someone like you?"
Hall of Heroes,Imanzi Shongama,Final,"Don't be shy, baby - I've seen you giving me the eye. You may be weak and feeble like all men, but I like you, Daniel."
Hall of Heroes,Imanzi Shongama,Final,"Oh, I love a man who doesn't talk back! I think if you return I may take you for my husband."
Hall of Heroes,Imanzi Shongama,Final,"Now listen up, sugar: your bow and arrows are fine for itty bitty jobs but if you wanna pack some serious heat you should take this spear."
Hall of Heroes,Imanzi Shongama,Final,Think of me when you throw it.
Hall of Heroes,Imanzi Shongama,Final,Well hello stranger. I've got a little present for you - why don't you shut your eye and hold out your hands?
Hall of Heroes,Megwynne Stormbinder,Final,"Daniel, there you are! I was so worried about you."
Hall of Heroes,Megwynne Stormbinder,Final,"I know you have the heart of a hero, Daniel, now we must show the others. Would you like to take my magic lightning bolts - I don't have many but they're very powerful."
Hall of Heroes,Megwynne Stormbinder,Final,Off you pop then and keep your chin up!
Hall of Heroes,Megwynne Stormbinder,Final,"Oops, sorry Daniel. Now take care, the good people of Gallowmere are depending on you."
Hall of Heroes,Megwynne Stormbinder,Final,"Daniel, thank goodness you're still safe. I have a gift I can give to you but sadly I cannot say how useful you will find it."
Hall of Heroes,Karl Sturnguard,Final,"Ah Herr Fortesque - you are back on the battlefield, yah? Zis is good. People say to me 'Sturnguard what do think of this sword or that axe' but I say to them 'NEIN! Modern warfare is a question of science, the science of shields.'"
Hall of Heroes,Karl Sturnguard,Final,"I think maybe you should take my shield - yah? It is magic, Herr Fortesque. Some say it is better to have a magic sword than a magic shield but I say to you that this is rubbish!"
Hall of Heroes,Karl Sturnguard,Final,So long as you use it properly this shield will make you invincible!
Hall of Heroes,Karl Sturnguard,Final,"You are back, Herr Fortesque, I think this is because of my shield, yah? But I have something else I can give to you, something you may find verrrry interesting."
Hall of Heroes,Gargoyles,Final,"Welcome to the Hall of Heroes, where the bravest warriors from history spend eternity, feasting, singing and arm wrestling! If they think you are worthy enough you may be able to persuade them to give you a new weapon."
Hall of Heroes,Gargoyles,Final,Back from the battles so soon? It must think it is a hero by now but only a true hero is worthy of a place in the Hall of Heroes. See the ghostly statue of your fraudster self? When it is has turned solid a true hero you will be.
Hall of Heroes,Gargoyles,Final,It's the Hall of Heroes shopping Mall! Bargain hunters should check out the ground floor. Well to do shoppers should check out the upper floor - that's where it's at!
Hall of Heroes,Gargoyles,Final,Gaining allies in the Hall of the Heroes is the way forward! Hack! Choppety chop! Off with a few Zombies heads and it thinks it can redeem itself in battle! You still have a long way to go to rank as the best!
Hall of Heroes,Gargoyles,Final,Back and forth like a supernatural yo yo! Maybe the Master will make it harder to find those magic egg cups!
Hall of Heroes,Gargoyles,Final,"Wouldn't this make a wonderful tourist attraction! Come see Sturnguard the mighty! Come see the last of the Centaurs! Oh and see that dork over there, that's Daniel Fortesque 'would be hero'! Ha ha ha!"
Hall of Heroes,Gargoyles,Final,"You prove us all wrong! Maybe it is destined to be a Hero, maybe it can defeat Zarok! The people of Gallowmere may never know of your past mistakes and you will indeed be remembered as the peoples hero! Your time in exile is over, welcome to your new home Sir Daniel Fortesque!"
Hall of Heroes,RavenHooves the Archer,Final,"Look at you running around in your bones, Fortesque - you're so nouveau dead."
Hall of Heroes,RavenHooves the Archer,Final,"I Ravenhooves, last prince of the Centaurs, have not galloped the earth in over ten thousand years."
Hall of Heroes,RavenHooves the Archer,Final,"Do yourself a favour, Fortesque, take my longbow - more powerful than a crossbow, the option of flaming arrows, it is truly the weapon of noblemen."
Hall of Heroes,RavenHooves the Archer,Final,"Congratulations. You don't quite have my breeding, Mr. Johnny Come Lately, but there's hope for you yet."
Hall of Heroes,RavenHooves the Archer,Final,"Oh, Daniel - I've got something here I can give you but I've no idea what it is. Do you fancy a little gamble, like?"
Hall of Heroes,Stanyer Iron Hewer,Final,Ahh Fortesque! What's this I hear about that arch cad Zarok still being alive - thought you killed the fella?
Hall of Heroes,Stanyer Iron Hewer,Final,"Never mind, you old war-horse, better show 'im what's what, eh? I expect Johnny Zombie's a bit more of a handful than you remember - how are you doing for weapons?"
Hall of Heroes,Stanyer Iron Hewer,Final,"Here, take my WarHammer, it'll smash anything and it won't fall apart like a club - I only ever get to use it cracking walnuts around this place."
Hall of Heroes,Stanyer Iron Hewer,Final,"Nonsense, Fortesque I won't take no for an answer. Knock a few heads for old Stanyer Iron Hewer, eh?"
Hall of Heroes,Stanyer Iron Hewer,Final,"Bravo Fortesque, some of the other chaps wagered Zarok would be using your rib cage as a toast rack by now. But I knew you'd pull through. Here, I have a little extra something here I can give you. Could help the old quest, do you want it?"
Hall of Heroes,Woden the Mighty,Final,"Fortesque, you jawless arrow magnet - what are you doing back here?"
Hall of Heroes,Woden the Mighty,Final,"What? Call me MISTER Woden the Mighty! How I pity the people of Gallowmere - that their fate should once again be in the hands of a chump like you! Still, I suppose it's not fair to take it out on them - take my sword - and do try not to stab yourself in the foot. You know, I've always had my doubts about you, Fortesque - you're just not carved from hero material."
Hall of Heroes,Woden the Mighty,Final,"By God, Fortesque, you must be the luckiest corpse ever to walk the face of the Earth! I have something here I can lend to you - take it or leave it but remember I'm only doing this for the sake of Gallowmere's doomed population and not for you, you gangly buffoon."
Hall of Heroes,Sir Daniel Fortesque,Final,No. No...
Hall of Heroes,Sir Daniel Fortesque,Final,Not too good!
Hall of Heroes,Sir Daniel Fortesque,Final,Great!
Hall of Heroes,Sir Daniel Fortesque,Final,Yes please!
Hall of Heroes,Sir Daniel Fortesque,Final,Huh.. what...me?
Hall of Heroes,Sir Daniel Fortesque,Final,Oh no...
Hall of Heroes,Sir Daniel Fortesque,Final,Get on with it!
Hall of Heroes,Sir Daniel Fortesque,Final,I'll show you!
Hall of Heroes,Sir Daniel Fortesque,Final,Gulp!
Hall of Heroes,Sir Daniel Fortesque,Final,You were!?
Hall of Heroes,Sir Daniel Fortesque,Final,Watch it!
Hall of Heroes,Sir Daniel Fortesque,Final,No I do not!
Hall of Heroes,Sir Daniel Fortesque,Final,Tell me about it!
Inside The Asylum,The Town Mayor,Final,"By 'eck, am I glad to see you! That Zarok tried to force me to hand over the Shadow Artefact – he means to release the Demons from their tomb under the Enchanted Forest. But I said to him, I said “You can't touch me, you lanky windbag, I'm the mayor”. Aye, that told him... But then he had me locked up in here with all these nutters. Oh, it's been terrible – I haven't managed to get a word of sense out of anyone in weeks!"
Inside The Asylum,Sir Daniel Fortesque,Final,(mumble) Tell me about it!
Inside The Asylum,The Town Mayor,Final,"Right, well I'll see myself out, thanks. You have a good look around, lad, Zarok's left some stuff lying about that I think you might find useful."
Inside The Asylum,Sir Daniel Fortesque,Final,(mumble) Great!
Intro,Narrator,Final,"The History of Gallowmere

In a time long ago there lived in the kingdom of Gallowmere a sorcerer named
Zarok. This arrogant, pitiless man hated his fellow citizens for their simple
and peaceful ways, so he raised an army of demons and set out to take the realm
for his own.

The King's champion, Sir Daniel Fortesque, let the militia in the battle
against this unholy horde. Songs are still sung of how he spearheaded the
charge deep into the accused multitude, how demons fell before him like wheat
before the scythe, and how at last though mortally wounded, he destroyed the
sorcerer utterly.

Fortesque went down in history that day as the Hero of Gallowmere, and a time
of peace began which was to last for a hundred years.

And then the sorcerer returned..."
Pools Of The Ancient Dead,Book,Final,Weapons are useless against the heavy armor of the knights. Don't let them shove you in the swamp - that mud will never come out.
Pools Of The Ancient Dead,Book,Unused,Do you have the Jump Potion? It gives you an enhanced physical ability. You will need it to progress through this festering land.
Pools of the Ancient Dead,Gargoyle,Final,"Cold and dark and reeking of death. We remembers an ancient battle fought here, between the forces of good and the dark armies of Zarok! Now the marshes are full of the restless dead."
Pools of the Ancient Dead,Boat Man,Final,"Greetings stranger, I am the Boat Man – it is I who ferry lost souls on their final journey to the Land of the Dead. But hold, have we not met before? Sir Daniel Fortesque! Not you too? Thanks to Zarok's meddlings I'm up to my eye sockets in lost souls who've woken from the eternal sleep – business hasn't been this brisk since before they invented sanitation."
Pools of the Ancient Dead,Boat Man,Final,How gracious of you! Makes a change to meet a polite young skeleton after dealing with those filthy zombie types! Hop aboard.
Pools of the Ancient Dead,The Boat Man,Final,"If you bring me eight lost souls, I'll ferry you to the sunken town of Mellowmede."
Pools of the Ancient Dead,The Boat Man,Final,You've come back without all the souls; I'm too old to be roaming battlefields like this!
Pumpkin Gorge,Book,Final,Up and down these magical mushrooms go! They will take you higher and higher but be careful not to fall and sink without a trace.
Pumpkin Gorge,Gargoyle,Final,"All bow down before the master of the vegetable patch, the prize-winning plant who can summon an army of cabbage with a wave of his noble tendril. He's delicious, he nutritious, he's Zarok's secret recipe – he's the Pumpkin King!"
Return to the Graveyard,Book,Final,"Who's a clever skeleton then? Remember that there are many more secret areas like this throughout the land of Gallowmere, some offering more than just treasure!"
Return to the Graveyard,Book,Final,"The living world lies beyond these Skull Gates. The Master of the Hilltop Mausoleum, the Stained Glass Demon has possession of the Skull Key."
Return to the Graveyard,Book,Final,Want to be faster on your feet? Want to be able to bash down walls by charging into them? All you have to do is defeat the evil Guardians of the Graveyard and gain this new ability! You will never know why you left the grave without it!
Return to the Graveyard,Book,Unused,I heard you defeated the evil Glass Demon!? Not bad for a dead guy!
Return to the Graveyard,Book,Unused,"Dan, I'm flattered, but perhaps you should be attending to those hungry wolves!"
Return To The Graveyard,Gargoyle,Final,"All changed outside the Necropolis, path go this way, path go that way... Nasty painful death waits around every turn and over every hill. Bon voyage!"
Scarecrow Fields,Book,Final,The scarecrows are almost unstoppable so don't be a hero! Try trapping them while you make your escape.
Scarecrow Fields,Book,Final,Beware of mischief makers in metal machines! Who knows what dark sorcery brings their metal limbs to life! It would be good to see the back of such menaces!
Scarecrow Fields,Book,Final,Kul Katura the Serpent Lord yearns to fight along side you but has been captured by Zarok and scaled within a Chest. Free this mighty Spirit and earn a powerful ally!
Scarecrow Fields,Book,Final,Death waits in the cornfield. Pick your route carefully and do not linger in the corn.
Scarecrow Fields,Book,Final,"These fields are home to many mad machines, yet the most bizarre of them is housed within this barn."
Scarecrow Fields,Book,Final,The Corn cutting machine is missing a part. A cog fell off this miracle of modern agriculture and it hasn't worked since.
Scarecrow Fields,Gargoyle,Final,"Pumpkin Gorge dead ahead, the nursery to Gallowmere's favorite side dish. Step inside and understand the true horror of fruit gone bad!"
The Ant Caves,Book,Final,This magic portal was crafted by the faeries. It appears to have been crafted to prevent something escaping from the tunnels below.
The Ant Caves,Book,Final,"If you are brave enough to go beyond this point you will enter the chamber of the dreaded Queen Ant.
Be aware, once you have encountered her six-legged regalness there will be no going back!"
The Ant Caves,Witch of the Forest,Final,"Ooh, lovely, lovely amber. Here you are Sir Knight, a wart covered and cabbage smelling old crone I may be but I always keep my promises: I grant you my reward!"
The Ant Caves,Creature,Final,You have helped to free all the fairy people from the clutches of the filthy ant scum. As a reward I can grant you passage to the Hall of Heroes. I've never been there myself but I've heard they've got a free bar.
The Ant Caves,Witch of the Forest,Final,"What's this? I said seven pieces of amber. No reward for you, you useless squirt!"
The Asylum Grouds,Book,Final,"This is the garden of Zarok, nothing here is as it first seems. To leave this maze you must first seek out the one called Jack of the Green!"
The Asylum Grouds,Book,Final-US,Show the Clown you care by surrounding him with smiles.
The Asylum Grouds,Book,Final,"Solve this last puzzle and you will open the secret entrance to the asylum - the Town Mayor is imprisoned here, along with an army of madmen."
The Asylum Grounds,Jack of the Green,Final,"Greetings Sir Fortesque, my name is… Jack of the Green. I am master of riddles and this maze is my domain. You are free to leave but ONLY once you've answered four riddles – puzzles so fiendishly difficult, so perplexity complex that no man has ever solved them – ha, ha, ha, ha. Now try my first riddle…"
The Asylum Grounds,Jack of the Green,Final,"Well done, Sir Knight. But my Star Riddle was but a trifle – I always like to begin with an easy one. Return hither – you will not find my next conundrum so simple!"
The Asylum Grounds,Jack of the Green,Final,"I live for laughter, I live for the crowd, Without it I am nothing."
The Asylum Grounds,Jack of the Green,Final,"All right, yes it was a clown – very clever I'm sure. Return in haste, Sir Knight, for I wish to see the despair on your face when you hear my next cryptic puzzler."
The Asylum Grounds,Jack of the Green,Final,"Face like a tree, Skin like the sea, A great beast I be, Yet vermin frighten me!"
The Asylum Grounds,Jack of the Green,Final,"Did you spot my bluff? I pretended that riddle was hard but truth it was obviously an elephant. This time, however, I almost pity you: the answer to my next vexing enigma has eluded the finest mind of a whole generation. Come to me!"
The Asylum Grounds,Jack of the Green,Final,"I tolerate the moon and stars, I can't abide the sun, Banish me with torch And you'll see me turn and run."
The Asylum Grounds,Jack of the Green,Final,"Blast you! It took me ages to come up with that Darkness one! Very well, outrageous as it seems, my vast intellect has been matched by your badly decomposed brain. Return at once and I shall give you your prize."
The Asylum Grounds,Jack of the Green,Final,"You think you're so clever don't you? Here you are Sir Clever Clogs, I grant you free passage through my maze – find your own way out!"
The Asylum Grounds,Jack of the Green,Final,At night they come without being fetched; By day they are lost without being stolen.
The Crystal Caves,Book,Final,Tread softly in these caves for an ill tempered Dragon has a lair here.
The Crystal Caves,Book,Final,"The mean old Dragon can be summoned by inserting two Dragon Gems into the eye sockets of the relief.
The grouchy Dragon doesn't come out much as he is afraid of the roof collapsing over his head!"
The Crystal Caves,Gargoyle,Final,"The ancient town of Mellowmede was destroyed by creatures known as Rhinotaurs. They live on still but in a state of hibernation deep within these Caverns, they use the Crystals to prolong their worthless hides."
The Crystal Caves,Dragon,Final,"Who dares to enter my lair and wake me from my slumber? Aha! Prepare yourself, little man, I shall roast the flesh from your bones... (sees that Dan is a skeleton) Oh, um... I see... In that case... I will pluck out both of your eyes… (notices that Dan has only one eye) ah… oh, great... I'm... I'm just going to give you a good hiding!"
The Crystal Caves,Dragon,Final,"Urghh... Enough... I yield! That really hurt. What did you have to go and do that for? Here, take this Dragon Potion and leave me alone! Drink it when you need it – it gives you armour that is impervious to heat, plus it lets you breathe fire. Now go away!"
The Enchanted Earth,Book,Final,"There used to be a Coven of Witches in the caves beneath Cemetery Hill, the whole forest's never smelt the same since."
The Enchanted Earth,Book,Final,Like a giant Magpie the Dragon Bird sits upon its hoard of stolen treasures. High above the trees you will find a nest; those Eggs are worth their weight in gold!
The Enchanted Earth,Book,Final,Keep out! This gate leads to the tomb of the Shadow Demons.
The Enchanted Earth,Book,Final,"Sir Dan you must take the Shadow Demon Talisman!
It is an unholy relic but it may allow you to progress through the Shadow Demon territory."
The Enchanted Earth,Book,Unused,Many Merchant Gargoyles have been trapped in this mossy place.
The Enchanted Earth,Book,Unused,"Want to be faster on your feet? Want to be able to bash down walls by barging into them?
Then use the Witch Talisman and summon forth the Forest Witch and gain this new ability, you will never know why you left the grave without it!"
The Enchanted Earth,Witch of the Forest,Final,"Who has summoned the Witch of the Forest? Oh, it is you, Sir Fortesque. Forgive me my lord I have never met a REAL hero… Ha ha ha haa haa haaa haaaaa cackle cackle cackle!!!"
The Enchanted Earth,Sir Daniel Fortesque,Final,(mumble) Get on with it!
The Enchanted Earth,Witch of the Forest,Final,"Ahem, forgive me, just an old lady's little joke. In truth I am glad to see you Sir Fortesque: I need 7 pieces of amber that are hidden in the Ants' nest. Bring them to me and I can grant you a special reward! I will only offer you this quest this once. Are you willing to give it a try?"
The Enchanted Earth,Witch of the Forest,Final,"Sorry, didn't I mention I'd have to shrink you to the size of an insect? Now hurry back…"
The Enchanted Earth,Gargoyle,Final,"Run little man! If the master found it now he would crush it like a bug! Ha ha ha! Hark, we can hear the soldier ants approaching – onward and meet you tiny nemesis."
The Enchanted Earth,Creature,Final,"Thank you for releasing me, Sir. My people wish only to live our lives in blissful harmony with nature, but alas the wicked Ant Queen has many of us imprisoned. Rescue my people, Mr. Fortesque, and you will be richly rewarded."
The Enchanted Earth,Creature,Final,"Here we are, I shall open the entrance for you… These fireflies are my friends; they will light your way through the darkness below."
The Enchanted Earth,Sir Daniel Fortesque,Final,(mumble) Get on with it!
The Enchanted Earth,Witch of the Forest,Final,"Bless me, if it isn't Daniel, Lord of the Ants. Hold still and I'll remove the shrink spell…"
The Enchanted Earth,Gargoyle,Final,"None shall enter. The Shadow Demons are entombed within, separated from the world of goodness and light until the earth cracks open. No one, not even the dark lord Zarok, can release them without the Shadow Artefact. Leave now or share their doom."
The Enchanted Earth,Gargoyle,Final,What have you done? Once again the Shadow Demons are wreaking havoc across the land – and it's all thanks to you! The single most destructive and wretched creatures in the history of the world and you've given them an early parole. They will be heading for the ruins of King Peregrin's Castle – Gallowmere is doomed!
The Enchanted Earth,Witch of the Forest,Final,"What? Hurry along then, there must be loads more adventures you could be ducking out of."
The Enchanted Earth,Sir Daniel Fortesque,Final,(mumble) Grumble...grumble... what have you done to me?
The Entrance Hall,Book,Final,"Those mischievous Imps have been at Zarok's spell books again. They're shielded by magic, the naughty creatures!"
The Entrance Hall,Book,Final,"SPELL BOOK

Contents
Raising the dead - pg5
Putting a town to sleep - pg71
Looking good for the over 400s - pg136
Robbing people of their free will - pg207
Summoning demons - pg268
Card tricks - pg298"
The Entrance Hall,Book,Final,"The Secret Diary of Zarok

100 years I've spent in exile, using my anger to keep me warm, feeding off my suffering, relaxing with my angst. But soon they will pay, all of them - including Fortesque. He thwarts my first plan to conquer Gallowmere and then posthumously claims to have killed me! When I find him I'm going to get medieval on his bony behind. I never liked him anyway, always hanging around the court, interfering: 'Where are you going with that dead cat, Zarok', 'Where did you find that brain, Zarok?'. Wretched busybody."
The Entrance Hall,Gargoyle,Final,"Sir Daniel Fortesque! Standing bold as you like in the foyer of Zarok's castle – who'd have thought it. Not us that's for sure. We's afraid the Master of the House is out trying to plunge the land into eternal night, but come on in and make yourself at home!"
The Gallows Gauntlet,Book,Final,"Take care not to wake the Serpent of Gallowmere. It is a most powerful supernatural creature that was bound somewhere withing these chasm walls. If you encounter it, RUN!"
The Gallows Gauntlet,Book,Final,This magical barrier was constructed by the Dragons of old. Only those brave enough to adorn the Dragon Armor may pass through this fiery gate way.
The Gallows Gauntlet,Book,Final,The fabled Dragon Armor was forged by Dragons from an age long ago. Seek out any remaining Dragons if you are to claim this mighty armor.
The Gallows Gauntlet,Book,Final,Unable to pass through the fiery Dragon Gate? Only use this alternative route if no other is available and return to the map of Gallowmere.
The Gallows Gauntlet,Book,Unused,If you can't reach get to the Merchant Gargoyles and you're running low on ammo then try hit and run tactics.
The Ghost Ship,Book,Final,Most of the crew seem to be under the control of a few officers - without them they'd be like headless chickens...
The Ghost Ship,Book,Final,"The Ghost Ship Captain is as tough as old sea boots!
You will need something a little more powerful than the weapons in your inventory to knock him overboard!"
The Ghost Ship,First Mate,Final,"Captain, I thought you ought to know we have a stowaway on board, I've told the men to scour the decks for him."
The Ghost Ship,Captain,Final,"Good, I want that scurvy dog dangling from yon yardarm by his bowels!"
The Ghost Ship,First Mate,Final,Is that really necessary? Couldn't we just give him a good tongue lashing and drop him off at the next port?
The Ghost Ship,Captain,Final,"Look, there's not a man jack on this ship who wouldn't keelhaul his own grandmother for the silver in her hair – there'll be no tongue lashing! Bring the landlubber to me an' I'll tear 'im a new orifice!"
The Graveyard,Book,Final,"Welcome back to your beloved Gallowmere. The stinking dead have risen up to dance with the lifeless living, and they want to do it over your dead body."
The Graveyard,Book,Early,"Welcome back to your beloved Gallowmere - the stinking dead have risen up to dance with the lifeless living, and they want to do it over your dead body."
The Graveyard,Book,Final,Don't let zombies get you down. Tend those wounds by stepping into this fountain of rejuvenation.
The Graveyard,Book,Final,"Remember, nothing remains hidden under the gaze of an angel."
The Graveyard,Book,Final,"The object here is the chalice. Every time you dispatch an enemy the chalice fills a little more. Once the Chalice is full it is yours to collect and you will be worthy of visiting the sacred Hall of Heroes to claim a prize!
There is a Chalice to be found in every region of Gallowmere. They are all hidden or well guarded - only a true hero will collect the full set."
The Graveyard,Book,Final,"The living world lies beyond these Skull Gates. The Master of the Hilltop Mausoleum, the Stained Glass Demon has possession of the Skull Key."
The Graveyard,Book,Early,"Shoo! Away with you! The living world lies through this way. But the gates is locked. No key, no open."
The Graveyard,Book,Unused,If you have gold you can purchase items from the greedy Merchant Gargoyles. The shameless profiteers can be recognised by their long blue stony faces.
The Graveyard,Book,Unused,If you have gold you can purchase items from my greedy brethren; the Merchant Gargoyles. The shameless profiteers can be recognised by their long blue stony faces.
The Graveyard,Book,Unused,Hey dead man is that a bone in your pocket?! To look at your inventory press SELECT.
The Graveyard,Book,Unused,"Loosen up those bone dry limbs and explore, you never know what you may find."
The Graveyard,Book,Unused,"Hey Book worm, yes: the one living in your empty eye socket, remember to keep up on your reading!"
The Graveyard,Gargoyle,Final,"Tread softly – Zarok awaits beyond these Gates! The master meets with the Demon from the Mausoleum, hatching plots of purest evil. Forgotten nobodies would be wise to make themselves scarce!"
The Haunted Ruins,Book,Final,Since the Farmers have been captured by the Shadow Demons the animals here have gone hungry.
The Haunted Ruins,Book,Final,"The Farmers are being held in the courtyard.
At the first sign of trouble the Shadow Demons will sacrifice the captives to the flames. Move quickly, slay the demons on guard and release the farmers."
The Haunted Ruins,Book,Final,Long ago this was once the majestic Throne room of King Peregrin. Now foul demons stalk the corridors. The spirit of the King must be saddened indeed.
The Haunted Ruins,Book,Final,Sometimes the ghost of King Peregrin can be seen wandering these halls or sitting mournfully upon his throne. Find his crown and perhaps you can summon him.
The Haunted Ruins,Book,Final,The castle was constructed on top of a dormant volcano. This great flood gate is all that stands between you and a very hot shower.
The Haunted Ruins,Book,Final,"Hurry - the castle is about to be destroyed! The gates are locked, find an alternative means of travel!"
The Haunted Ruins,Book,Final,Hot scalding Oil! Burn your skeletal toes that will! Better find a way to close the oil vents before crossing.
The Haunted Ruins,Book,Unused,The old castle of King Peregrin has fallen into the hands of the Shadow Demons.
The Haunted Ruins,Gargoyle,Final,Welcome to Castle Peregrin. In the time of King Peregrin this magnificent edifice was the seat of power and home to the royal household. Now it is home only to ghosts and forgotten memories.
The Haunted Ruins,Gargoyle,Final,"Sir Daniel Fortesque, it's been a long time. Welcome back to your home. But it is sad that you should see it so – the jewel in Gallowmere's crown has become a corrupt haven for Zarok's Army of Shadow Demons!"
The Haunted Ruins,King Peregrin,Final,"Sir Fortesque, noblest of my courtiers, bravest of my captains! Oh that we should meet at such a dark hour, with the fate of this realm lying once again in your hands. Good god, Fortesque – what's happened to your jaw?"
The Haunted Ruins,Sir Daniel Fortesque,Final,(mumble) Fell off!
The Haunted Ruins,King Peregrin,Final,"Bad luck old man. Now look, Zarok's army of Shadow Demons hide beneath us within this very mountain, they prepare as we speak to invade fair Gallowmere. If we are to thwart his plans we must bring down the castle on top of them, we must unleash the lava behind the floodgates! I can take you to the gate's control lever, but you alone can pull it."
The Haunted Ruins,Sir Daniel Fortesque,Final,(mumble) Huh… what… me?
The Haunted Ruins,King Peregrin,Final,"Of course it's a highly dangerous mission – even for a dead man. I dare say that when that fiend sees what you've done he'll make sure you spend eternity in the most unspeakable torment. But then I know these things mean nothing to a man of your iron will, eh Fortesque?"
The Haunted Ruins,Sir Daniel Fortesque,Final,(mumble) Gulp!
The Haunted Ruins,King Peregrin,Final,Splendid! Good luck old friend!
The Haunted Ruins,Gargoyle,Final,"The lava has been released Sir Dan, the Castle is collapsing! You will not have long to defeat the stone Golems and escape the ensuing inferno!"
The Haunted Ruins,Captured Farmers,Final,"Thanks for saving us, sir! We've no pig to give, but please take these shiny gold stones."
The Hilltop Mausoleum,Book,Final,You are entering a house of pain! Rumors abound of evil doings in the secret catacombs below this very Hall.
The Hilltop Mausoleum,Book,Final,Watch out for sticky-fingered imps. These thieves will strip you down to your armored undies.
The Hilltop Mausoleum,Book,Final,The Stained Glass Demon is the Master of the Mausoleum. His wretched soul lies preserved inside a frozen glass heart. Shrouded in a veil of darkness beneath the Mausoleum you will find this pre-frozen menace.
The Hilltop Mausoleum,Book,Early,"Beware the Glass Demon! His soul lies frozen in his glass heart, hidden deep in the catacombs."
The Hilltop Mausoleum,Book,Final,"The would be Phantom of the Opera longs to play a new tune, but he seems doomed to repeat the same chords of despair over and over."
The Hilltop Mausoleum,Book,Early,"Oh my poor stone ears! The phantom of the opera down there has kept up that unholy racket for ages. I wouldn't mind if he'd play something I could whistle along too or even just something new. Take pity, sir, help end my torment."
The Lake,Book,Final,You haven't got your army now - better to use stealth than charge in. Beware the watchers - if they spot you they will soon summon others.
The Lake,Book,Final,"The Crystal contraptions that surround the whirlpool can freeze its dangerously turbulent waters.
You will need all of the Rune keys to activate the magical machines."
The Lake,Book,Unused,"Zarok's magic has caused the once lost, mythical town of Mellowmede to rise from its watery grave!"
The Lake,Gargoyle,Final,"The ancient people of this long vanished town once sought to harness the power of Crystals found in the caverns below. Now Zarok seeks to unlock the secrets of this arcane science. This mine shaft leads deep into the earth, to certain doom in the Crystal Caverns."
The Pumpkin Serpent,Book,Final,The King Pumpkin sleeps - if you want an audience with this regal plant you should mash all of his pod sacks!
The Pumpkin Serpent,Book,Final,It is rumored that the Pumpkin Witch is in possession of a much sought after Dragon Gem. If you have a Witch Talisman you could summon this kindly Witch.
The Pumpkin Serpent,Pumpkin Witch,Final,"Greetings kind sir. I am the Pumpkin Witch. I'm a mother to those pumpkins – I gave them all the love and care a young fruit could ever ask for. From the moment they first push a shoot above the soil, right up until their heads are cut off and eaten – and look, see how they repay me! Running around and causing mischief! That nasty old big Pumpkin is a bad influence on the young seedlings, if you teach him a lesson in manners I might game you a nice present!"
The Pumpkin Serpent,Pumpkin Witch,Final,"A most edifying spectacle sir: man and vegetable in a magnificent duel to the death. Ooh, I've come over all of a doodah. Here, have this lovely Dragon Gem as your reward. Ohh, lovely majestic creatures Dragons are…"
The Pumpkin Serpent,Pumpkin Witch,Final,That big bad pumpkin leads the seedlings astray; those naughty Podlings need discipline!
The Sleeping Village,Book,Final,"A crucifix once stood here, but the mayor took it. Find a replacement and see how the church should really look."
The Sleeping Village,Book,Final,The rune key is held aloft by the flow of water from the fountain - you may have to wait for the next drought.
The Sleeping Village,Book,Final,"To whom it may concern,
I must make haste for Zarok's men will be here within the hour. I have taken the crucifix from the church - it is the key to a key.
I used the cross to make the attached cast, then I had it destroyed. It is my hope that this cast falls into the hands of a just and good hero.
Signed, the Town Mayor."
The Sleeping Village,Book,Final,"Bust of Mr Shanks, Landlord of the Troll's Head.
To clean the statue, lower pedestal."
The Sleeping Village,Book,Final,"HISTORY OF GALLOWMERE - Volume 1

During the dark time that was Gallowmere's not too distant past it was King Peregrin who thwarted Zarok the Necromancer and his plan to enslave the land.
Zarok, once the King's mage had fallen out of favour with the Ruler for conducting outlandish experiments on the bodies of the dead. It was said that deep within Peregrin Castle the dead were restless.
'The dead are to be honoured; not kept as the play things of alchemists!' declared King Peregrin as he banished Zarok from the Castle. All of Zarok's living dead were routed out and destroyed. Zarok being an unforgiving soul went into hiding and vowed to wreak his revenge on the King."
The Sleeping Village,Book,Final,"HISTORY OF GALLOWMERE - Volume 2

Rumors of ill doing and dark deeds abounded through the land of Gallowmere. It was whispered that Zarok had employed the aid of Shadowy Demons to help build a vast castle.
Under the cover of night, Zarok's dark army spilled forth from their corrupt haven. The army marched south across the Silver Mountains and through the Silver Woods. Soon afterwards, even the Pumpkin lands belonged to Zarok. The folk of Gallow's Town cried out for help, 'Save us good King Peregrin!'.
Retaliation was swift and violent. King Peregrin's forces led by the brave Sir Fortesque drove Zarok's army back from Gallows Town. There was much rejoicing, but the war was not yet over."
The Sleeping Village,Book,Final,"HISTORY OF GALLOWMERE - Volume 3

News that Zarok's army had now taken the flood lands caused much concern. From this vantage point Zarok could march west to take the Enchanted Forest. This sacred place would prove a bitter defeat if it fell into the hands of the evil sorcerer.
It was Sir Dan Fortesque who once again led the King's Militia to rid the demon host from the land. Yet the evil wizard was cunning and had prepared an ambush. A titanic battle ensued of which history has never since seen the like.
It is said that the day would have gone to Zarok but for the skill and valour of one man: Fortesque led the charge deep into the massed ranks of the undead, felling Zarok's bodyguard, the fearful Lord Kardok, and, before finally succumbing to his own mortal wounds, slew the traitorous sorcerer with a mighty sweep of his sword."
The Sleeping Village,Book,Final,"HISTORY OF GALLOWMERE - Volume 4

The forces of evil were destroyed but at a terrible price: none but a handful of the King's Militia returned from that field. Gallowmere lost a whole generation of young men that day, including Canny Tim, the legendary crossbowman and Fortesque's second in command, who fell in the first volley of arrows. Zarok's body was never found, though if it lies unmourned in an unmarked grave then no one in Gallowmere would shed a tear.
The Shadow Demons that had fallen under Zarok's banner were unnatural creatures that did not belong in the world of mortal men. The King declared that they be banished, entombed under the pure earth of the Enchanted Earth.
Imprisoned within an impregnable box of the King's design, the Demons were buried deep underground. Their Tomb was sealed with a magical device that has since come to be known as the Shadow Artefact."
The Sleeping Village,Book,Final,"TOURIST GUIDE TO GALLOWMERE - Part 1

The land of Gallowmere is a wondrous land of breath taking sights and adventure.
If it's beauty you are looking for, be sure to check out the sights of the Enchanted Forest.
Scale the heights and see the nests of giant Dragon Birds. Seek out weird and wonderful plant life. Go 'ooh' and 'aah' at the sight of baby Dragon Toads splashing about in the crystal clear ponds.
Why not take a walk through the Pumpkin valley!
Pumpkin is Gallowmere's favourite dish, and about now the valley is just bulging under the weight of young podlings awaiting harvest."
The Sleeping Village,Book,Final,"TOURIST GUIDE TO GALLOWMERE - Part 2

If it's mystery you're looking for then the seasoned adventurer should travel to the ruins of King Peregrin's castle.
Yes, this is the fortress from which the fabled King Peregrin once hailed! It is said that the King's Crown was lost in the dungeons below the Castle and that the ghost of the regent himself now haunts those cold stone passage ways. Spooky!
Why not take to the swamps and seek out the mythical town of Mellowmede.
This place was once said to be a place of fantastical arcane alchemy, but an age has passed since it was consumed by the murky swamps. Perhaps great treasure awaits any adventurer that can locate its watery resting place?"
The Sleeping Village,Book,Final,"HEROES FROM HISTORY: A Retrospective

Chapter 1
In addition to being the strongest man who ever lived Stanyer Iron Hewer was unsurpassed in his skill as a blacksmith. He was equally happy pounding on his anvil at home as he was pounding on someone's head in battle. It was said that his only fear was the end of the village smithy as the focus of manufacture in favour of more centralised units - as if!

Chapter 2
Born a humble peasant to one of the nomadic tribes from the Eastlands, Bloodmonath Skull Cleaver gathered an army of horsemen and swept over half the civilised world. When he finally died (attempting a single handed attack on a garrison in the North while armed only with the spike on his helmet) he was the richest and most powerful peasant of his day.

Chapter 3
Karl Sturnguard spent most of his formative years under siege at his family castle. With his impregnable magic shield Sturnguard's motto was 'the best form of attack is defence'. Sadly his shield couldn't protect him from poor eating habits and he died during a post battle feast while swallowing a large sausage he had failed to chew.

Chapter 4
Truly the hero's hero, Woden the Mighty, was fearless, single-minded, and uncompromising. Unbeaten in combat, he inspired raw fear in friends and enemies alike, not to mention in close family members and pets.

Chapter 5
Trained from birth in all forms of combat, Imanzi Shongama was the warrior queen of a tribe of Amazons. The bold and the beautiful Shongama banished all males from her territory except the handful she kept on to mow the lawns of her people.

Chapter 6
A full time mother and homemaker, Megwynne Stormbinder had to defend her settlement from barbarian raiders while the menfolk were away on a hunting trip. She fought off repeated attacks armed only with a pitchfork and a rolling pin and with one arm holding her baby. Legend has it that the Gods, impressed by her indomitable courage, intervened and added thunder bolts to her arsenal. She won the battle with a couple of bolts to spare on her husband when he finally returned.

Chapter 7
Dirk Steadfast was a fearsome opponent thanks to his magic sword and a firmly held belief that 'only women defend themselves - real men are always on the attack'. He was a friend and contemporary of Karl Surnguard and was with him even to the end: it was whilst Steadfast was explaining his views on Sturnguard's shield during a feast that the latter had his tragic and inexplicable accident.

Chapter 8
Descended from the finest centaur bloodstock RavenHooves the Archer was the last prince of his people. A proud and haughty aristocrat he was an accomplished hunter, sportsman, duellist, playboy, raconteur, and three times Derby winner.

Chapter 9
Captain of the Militia in the time of King Peregrin, Sir Daniel Fortesque found fame when he killed the renegade wizard Zarok. A career soldier raised in the royal household he was adored by the men under his command and renowned for his loyalty to Gallowmere. It was said that Fortesque was always destined for greatness, with his square jaw, steely gaze and thick shock of hair, as black as ravens' wings, he looked every inch the hero."
The Sleeping Village,Book,Final,"Dear Sir or Madam
On my travels across Gallowmere I have come across many mysterious and enchanting finds. However, that which filled me with deepest dread was discovery of the Tomb of the Shadow Demons! The key to their dank prison, the mysterious Shadow Artefact, is now in my possession.
That dress-wearing bully boy, Zarok, will stop at nothing to retrieve this item. I fear that already he knows that it is I who possess it...
Yours, fearfully - the Town Mayor"
The Sleeping Village,Book,Final,"BLACKSMITH'S MONTHLY

Old man Willy Green of Gallows Town was awarded Smithy of the season by our readers. His outstanding casts have produced many intricate and hard wearing iron goods and sculptures. Willy only uses the finest of metals in his work, and is particularly noted for his magnificent Busts!
Old man Willy was quoted as saying, 'Aye when I get pumpin' on me bellows there's no stopping me, it's all in the rhythm, up n' down, up n' down! I've always been inspired by the stories of Stanyer Iron Hewer the greatest Smithy that ever there was!'"
The Sleeping Village,Book,Final,"Instructions from Zarok to his guards;

Capture that greedy profiteer the Town Mayor.
Take him to the Asylum Dungeons.
Give the fat boy a good going over!
Locate the Shadow Artefact.
Bring me back something nice!"
The Sleeping Village,Book,Unused,"I managed to buy me-self a rare Dragon Gem from a travelling tramp who told me that these precious jewels could summon Dragons! What a laugh I thought to me-self and promptly purchased the treasure for a fraction of his asking price. I now carry it everywhere I go as a good luck trinket. Smashing!
Signed, the Town Mayor."
The Sleeping Village,Gargoyle,Final,"Poor villagers – the master possesses them. It mustn't hurt them. Hurt guards though, they seek out an object of great power…"
The Sleeping Village,Boiler guard,Final,"Hurry comrades, tear this place apart!"
The Sleeping Village,Boiler guard,Final,If we don't find the Shadow Artefact Lord Zarok will have us mucking out the demons for the next millennium!
The Time Device,Book,Final,"This metal keep houses the magical chariot that Zarok calls his Train. The path it runs along leads eventually to Zarok's Lair, however your route is blocked by gates controlled at various way stations. Travel to these on the Train, open the gates and head for the Lair."
The Time Device,Gargoyle,Final,Using a dark magic called “science” Zarok has constructed a device based around the mechanical measurement of time. The innards of this chronograph are fiendishly complicated. Keep your eye on the flying timepieces and get ready to reset the hands of the master time clock.